{"cameraMode":{"drawMode":0,"name":"Shaded","section":"Shading Mode"},"sceneLighting":true,"audioPlay":false,"sceneViewState":{"m_AlwaysRefresh":false,"showFog":true,"showSkybox":true,"showFlares":true,"showImageEffects":true,"showParticleSystems":true,"showVisualEffectGraphs":true,"m_FxEnabled":true},"in2DMode":false,"pivot":{"x":33.866668701171878,"y":-110.85336303710938,"z":305.8818054199219},"rotation":{"x":0.1731615513563156,"y":0.05462575703859329,"z":-0.009618954733014107,"w":0.9833319783210754},"size":171.20787048339845,"orthographic":false}