{"cameraMode":{"drawMode":0,"name":"Shaded","section":"Shading Mode"},"sceneLighting":true,"audioPlay":false,"sceneViewState":{"m_AlwaysRefresh":false,"showFog":true,"showSkybox":true,"showFlares":true,"showImageEffects":true,"showParticleSystems":true,"showVisualEffectGraphs":true,"m_FxEnabled":true},"in2DMode":false,"pivot":{"x":219.91506958007813,"y":-63.9739990234375,"z":242.0931854248047},"rotation":{"x":0.08859998732805252,"y":0.3506881296634674,"z":-0.033347781747579578,"w":0.9316980242729187},"size":173.70523071289063,"orthographic":false}